2KPDP 13;2KPDP 13
2KPDP 66;2KPDP 66
ABBEVILLE;ABBEVILLE
ABYMES CHEVA;ABYMES CHEVA
AGEN SE;AGEN SE
AIX ASPTT;AIX ASPTT
AIX BAINS;AIX BAINS
AIX EN OTHE;AIX EN OTHE
AIX UCE;AIX UCE
AJACCIO;AJACCIO
ALBI CE;ALBI CE
ALENCON DUCS;ALENCON DUCS
ALES CEVENOL;ALES CEVENOL
ALPES 73;ALPES 73
ALTKIRCH CE;ALTKIRCH CE
AMBERIEU;AMBERIEU
AMIENS CE;AMIENS CE
AMIENS MARIV;AMIENS MARIV
ANDREZIEUX;ANDREZIEUX
ANGERS EAG;ANGERS EAG
ANGERS NDC;ANGERS NDC
ANGERS SCO;ANGERS SCO
ANGLET SE;ANGLET SE
ANGOULEME;ANGOULEME
ANICHE CE;ANICHE CE
ANNECY;ANNECY
ANNEMASSE EC;ANNEMASSE EC
ANNONAY CE;ANNONAY CE
ANTIBES;ANTIBES
ANTONY;ANTONY
AQUA FERRO;AQUA FERRO
ARBOIS MJC;ARBOIS MJC
ARCACHON AST;ARCACHON AST
ARDENNES 3A;ARDENNES 3A
ARGELES SE;ARGELES SE
ARGENTAT CE;ARGENTAT CE
ARIEGE;ARIEGE
ARLES CE;ARLES CE
ARMENTIERES;ARMENTIERES
ARRAS CE;ARRAS CE
ASNIERES SP;ASNIERES SP
ATEL BEAUPRE;ATEL BEAUPRE
AUBAGNE ESL;AUBAGNE ESL
AUBERVILLIER;AUBERVILLIER
AUBIGNY NERE;AUBIGNY NERE
AUBUSSON FL;AUBUSSON FL
AUCAMVILLE;AUCAMVILLE
AUCH EC;AUCH EC
AUCH PMG;AUCH PMG
AULNAY CE;AULNAY CE
AUNIS PLAINE;AUNIS PLAINE
AURAY ESCRIM;AURAY ESCRIM
AURILLAC CE;AURILLAC CE
AUTUN CE;AUTUN CE
AUXERRE CE;AUXERRE CE
AVIGNON AE;AVIGNON AE
AVIGNON THEA;AVIGNON THEA
AVON US;AVON US
BAIE MAHA CE;BAIE MAHA CE
BAIE MAHA EE;BAIE MAHA EE
BAR LE DUC;BAR LE DUC
BAR SUR AUBE;BAR SUR AUBE
BASSE TERRE;BASSE TERRE
BASTIA RAP;BASTIA RAP
BAYEUX CS;BAYEUX CS
BAYONNE AVIR;BAYONNE AVIR
BEAUMONT OIS;BEAUMONT OIS
BEAUNE CE;BEAUNE CE
BEAUVAIS ACA;BEAUVAIS ACA
BEAUVAIS OUC;BEAUVAIS OUC
BELFORT ASM;BELFORT ASM
BELLEDONNE;BELLEDONNE
BELLEVILLE;BELLEVILLE
BERGERAC CAD;BERGERAC CAD
BERNAY SP;BERNAY SP
BESANCON ES;BESANCON ES
BESANCON RCE;BESANCON RCE
BESANCON UC;BESANCON UC
BETTON CP;BETTON CP
BEYNOST;BEYNOST
BEZAC CE;BEZAC CE
BEZIERS CE;BEZIERS CE
BEZIERS EC;BEZIERS EC
BILLOM MLC;BILLOM MLC
BIONVILLE MO;BIONVILLE MO
BLAGNAC;BLAGNAC
BLANQUEFORT;BLANQUEFORT
BLOIS CE;BLOIS CE
BOBIGNY AC;BOBIGNY AC
BOIS COLOMBE;BOIS COLOMBE
BONDY AS;BONDY AS
BONSECOURS;BONSECOURS
BORDEAUX BAS;BORDEAUX BAS
BORDEAUX CAM;BORDEAUX CAM
BORDEAUX EC;BORDEAUX EC
BOUILLARGUES;BOUILLARGUES
BOULAZAC;BOULAZAC
BOULOGNE ACB;BOULOGNE ACB
BOULOGNE MER;BOULOGNE MER
BOURG BRESSE;BOURG BRESSE
BOURG REINE;BOURG REINE
BOURG VALEN;BOURG VALEN
BOURGES AC;BOURGES AC
BOURGES ESAM;BOURGES ESAM
BOURGES ESC;BOURGES ESC
BOURGUEIL ES;BOURGUEIL ES
BOURGUEIL VO;BOURGUEIL VO
BOUSCAT US;BOUSCAT US
BREST RAPIER;BREST RAPIER
BREUILLET;BREUILLET
BREVANNES AS;BREVANNES AS
BRIGNOLES CS;BRIGNOLES CS
BRIVE CE;BRIVE CE
BRON;BRON
BROU CHANTER;BROU CHANTER
BRUAY BUISSI;BRUAY BUISSI
BRY MARNE;BRY MARNE
BURES YVETTE;BURES YVETTE
C MARTEL CIE;C MARTEL CIE
CABRIES OC;CABRIES OC
CACHAN;CACHAN
CADETS ESSON;CADETS ESSON
CAEN EC;CAEN EC
CAEN USC;CAEN USC
CAGNES MER;CAGNES MER
CALAIS CDA;CALAIS CDA
CALEDONIE AE;CALEDONIE AE
CALUIRE;CALUIRE
CAMBRAI CE;CAMBRAI CE
CANNES CE;CANNES CE
CANTON VERT;CANTON VERT
CARCASSONNE;CARCASSONNE
CARPENTRAS;CARPENTRAS
CASSEL;CASSEL
CASTELNAU LL;CASTELNAU LL
CASTELNAUDAR;CASTELNAUDAR
CASTRES;CASTRES
CAYENNE CE;CAYENNE CE
CERET;CERET
CERGY CE;CERGY CE
CESSON;CESSON
CESSON CE;CESSON CE
CH?TEAU THIE;CH?TEAU THIE
CHABEUIL;CHABEUIL
CHALON SAONE;CHALON SAONE
CHALONS CHAM;CHALONS CHAM
CHAMALIERES;CHAMALIERES
CHAMBERY CE;CHAMBERY CE
CHAMBOURCY;CHAMBOURCY
CHAMPAGNOLE;CHAMPAGNOLE
CHAMPEIX CE;CHAMPEIX CE
CHAMPIGNY MA;CHAMPIGNY MA
CHANTILLY CE;CHANTILLY CE
CHAPONOST;CHAPONOST
CHARENTON;CHARENTON
CHARLEVILLE;CHARLEVILLE
CHARTRES CEA;CHARTRES CEA
CHATEAUGIRON;CHATEAUGIRON
CHATEAUROUX;CHATEAUROUX
CHATELLERAUL;CHATELLERAUL
CHATENAY AC;CHATENAY AC
CHATILLON;CHATILLON
CHATOU;CHATOU
CHAUMONT CE;CHAUMONT CE
CHAUNY CE;CHAUNY CE
CHAUVIGNY;CHAUVIGNY
CHAVILLE CE;CHAVILLE CE
CHERBOURG MA;CHERBOURG MA
CHEVRY 2 CE;CHEVRY 2 CE
CHILLY MORAN;CHILLY MORAN
CHINON CARC;CHINON CARC
CHOISY EC;CHOISY EC
CHOMELIX FL;CHOMELIX FL
CIE NOUE;CIE NOUE
CIE VOLTFACE;CIE VOLTFACE
CLAMART CE;CLAMART CE
CLERMONT FER;CLERMONT FER
CLERMONT OIS;CLERMONT OIS
CNEA;CNEA
COARRAZE NAY;COARRAZE NAY
COETQUIDAN;COETQUIDAN
COGNAC EPEE;COGNAC EPEE
COGOLIN CS;COGOLIN CS
COLLEVILLE;COLLEVILLE
COLMAR SR;COLMAR SR
COLOMBES;COLOMBES
COMBS VILLE;COMBS VILLE
COMPIEGNE CE;COMPIEGNE CE
CONDOM;CONDOM
CONFLANS PLM;CONFLANS PLM
CORBAS;CORBAS
CORBEIL AS;CORBEIL AS
CORMEILLES;CORMEILLES
CORREZE HAUT;CORREZE HAUT
CORTE CE;CORTE CE
COUBRON;COUBRON
COUDEKERQUE;COUDEKERQUE
COUFFOULEUX;COUFFOULEUX
COULOMMIERS;COULOMMIERS
COURBEVOIE;COURBEVOIE
COURNON CE;COURNON CE
COUTANCES 3M;COUTANCES 3M
COUTANCES CE;COUTANCES CE
CREIL CE;CREIL CE
CREST LIVRON;CREST LIVRON
CRETEIL;CRETEIL
CROIX MARE;CROIX MARE
DAMIGNY;DAMIGNY
DAMMARIE LYS;DAMMARIE LYS
DAMVILLE MJC;DAMVILLE MJC
DAX SE;DAX SE
DECINES;DECINES
DESHAIES EC;DESHAIES EC
DEVILLE CE;DEVILLE CE
DIEPPE FL;DIEPPE FL
DIGNE CE;DIGNE CE
DIJON ASPTT;DIJON ASPTT
DIJON MOUSQ;DIJON MOUSQ
DIJON UC;DIJON UC
DINAN EA;DINAN EA
DINARD LAMES;DINARD LAMES
DOLE CE;DOLE CE
DOUAI CE;DOUAI CE
DOURDAN CE;DOURDAN CE
DRAGUIGNAN;DRAGUIGNAN
DRANCY JA;DRANCY JA
DREUX CE;DREUX CE
DUCLAIR MJC;DUCLAIR MJC
DUCOS MSQ;DUCOS MSQ
DUMBEA;DUMBEA
DUNKERQUE;DUNKERQUE
ECKBOLSHEIM;ECKBOLSHEIM
ECULLY;ECULLY
EPERNAY CE;EPERNAY CE
EPINAL SE;EPINAL SE
EPINAY SEINE;EPINAY SEINE
ERSTEIN SE;ERSTEIN SE
ESCRIME 50;ESCRIME 50
ETAMPES MDF;ETAMPES MDF
EVREUX JA;EVREUX JA
EVRY AS;EVRY AS
FACHES CE;FACHES CE
FALAISE RLM;FALAISE RLM
FAREINS EC;FAREINS EC
FECAMP MJC;FECAMP MJC
FERTE COSSON;FERTE COSSON
FLERS;FLERS
FOIX SE;FOIX SE
FONTAINBLEAU;FONTAINBLEAU
FONTAINE AS;FONTAINE AS
FONTAINE COM;FONTAINE COM
FONTENAY BOI;FONTENAY BOI
FONTENAY COM;FONTENAY COM
FORT DE F AE;FORT DE F AE
FORT DE F DU;FORT DE F DU
FRANCONVILLE;FRANCONVILLE
FREJUS AMSL;FREJUS AMSL
FUVEAU AIX;FUVEAU AIX
GAGNY USM;GAGNY USM
GAP HT ALPES;GAP HT ALPES
GARCHES;GARCHES
GARDANNE LL;GARDANNE LL
GDE SYNTHE;GDE SYNTHE
GEISPOLSHEIM;GEISPOLSHEIM
GEMENOS;GEMENOS
GENNEVILLIER;GENNEVILLIER
GIEN CE;GIEN CE
GIF SUR YVET;GIF SUR YVET
GIROMAGNY CE;GIROMAGNY CE
GISORS 3A;GISORS 3A
GIVET CE;GIVET CE
GLEIZE;GLEIZE
GONESSE;GONESSE
GOSIER ST GE;GOSIER ST GE
GOURNAY;GOURNAY
GOUVIEUX;GOUVIEUX
GRADIGNAN CE;GRADIGNAN CE
GRASSE CE;GRASSE CE
GRAVENCHON;GRAVENCHON
GRAY EPEE;GRAY EPEE
GRENOBLE PAR;GRENOBLE PAR
GRENOBLE RAP;GRENOBLE RAP
GRENOBLE UC;GRENOBLE UC
GRISY CE;GRISY CE
GUEBWILLER;GUEBWILLER
GUICHAINVILL;GUICHAINVILL
GUILHERAND G;GUILHERAND G
GUINGAMP ARM;GUINGAMP ARM
GUYANCOURT;GUYANCOURT
GUYANE ESCRI;GUYANE ESCRI
H-FINISTERE;H-FINISTERE
HAGUENAU CE;HAGUENAU CE
HAINAUT EC;HAINAUT EC
HAINNEVILLE;HAINNEVILLE
HARNES CE;HARNES CE
HAZEBROUCK;HAZEBROUCK
HENIN BEAUM;HENIN BEAUM
HERBLAY;HERBLAY
HEROUVILLE;HEROUVILLE
HERRLISHEIM;HERRLISHEIM
HESINGUE 3F;HESINGUE 3F
HOUILLES GO;HOUILLES GO
HYERES;HYERES
ILLZACH ASIM;ILLZACH ASIM
INDEP001;INDEP001
INDEP002;INDEP002
INDEP003;INDEP003
INDEP004;INDEP004
INDEP005;INDEP005
INDEP006;INDEP006
INDEP007;INDEP007
INDEP008;INDEP008
INDEP009;INDEP009
INDEP010;INDEP010
INDEP011;INDEP011
INDEP012;INDEP012
INDEP013;INDEP013
INDEP014;INDEP014
INDEP015;INDEP015
INDEP016;INDEP016
INDEP016;INDEP016
INDEP017;INDEP017
INDEP018;INDEP018
INDEP019;INDEP019
INDEP020;INDEP020
INDEP021;INDEP021
INDEP023;INDEP023
INDEP024;INDEP024
INDEP025;INDEP025
INDEP026;INDEP026
INDEP027;INDEP027
INDEP028;INDEP028
INDEP029;INDEP029
INDEP030;INDEP030
INDEP031;INDEP031
INDEP099;INDEP099
ISLE ADAM CE;ISLE ADAM CE
ISLE ADAM CR;ISLE ADAM CR
ISLE SORGUE;ISLE SORGUE
ISSOIRE CE;ISSOIRE CE
ISSY MOUSQUE;ISSY MOUSQUE
ISTRES SE;ISTRES SE
IVRY US;IVRY US
IVRY VITA 6;IVRY VITA 6
JARNAC CE;JARNAC CE
JOINVILLE AP;JOINVILLE AP
JOINVILLE MO;JOINVILLE MO
JOUE TOURS;JOUE TOURS
JOUY LE MOU;JOUY LE MOU
KOUROU GELDA;KOUROU GELDA
KREMLIN CSA;KREMLIN CSA
LA BREDE;LA BREDE
LA BRESLE CE;LA BRESLE CE
LA FLECHE;LA FLECHE
LA FRERE MDF;LA FRERE MDF
LA GARDE AJS;LA GARDE AJS
LA GARENNE O;LA GARENNE O
LA REOLE AE;LA REOLE AE
LA ROCHELLE;LA ROCHELLE
LAGNY MARNE;LAGNY MARNE
LANGRUNE ESC;LANGRUNE ESC
LANNION PTT;LANNION PTT
LANTOSQUE CE;LANTOSQUE CE
LAON CE;LAON CE
LATOUR;LATOUR
LAVAL AEMC;LAVAL AEMC
LAVAL CE;LAVAL CE
LAVAUR CE;LAVAUR CE
LAXOU CE;LAXOU CE
LE BOURGET;LE BOURGET
LE CANNET ES;LE CANNET ES
LE CHESNAY;LE CHESNAY
LE CREUSOT;LE CREUSOT
LE HAVRE CE;LE HAVRE CE
LE HAVRE SA;LE HAVRE SA
LE LAMENTIN;LE LAMENTIN
LE MANS CE;LE MANS CE
LE MEE CE;LE MEE CE
LE MESNIL ST;LE MESNIL ST
LE PECQ US;LE PECQ US
LE PERREUX;LE PERREUX
LE PORT CE;LE PORT CE
LE RAINCY;LE RAINCY
LE TOUQUET;LE TOUQUET
LE VIGAN;LE VIGAN
LES ANDELYS;LES ANDELYS
LES LILAS;LES LILAS
LES LOGES;LES LOGES
LES PIEUX;LES PIEUX
LES ULIS CO;LES ULIS CO
LESIGNY USC;LESIGNY USC
LEVALLOIS;LEVALLOIS
LEVIER CE;LEVIER CE
LIBOURNE AS;LIBOURNE AS
LIEVIN CE;LIEVIN CE
LILLE BRETTE;LILLE BRETTE
LILLE UC;LILLE UC
LILLE VAUBAN;LILLE VAUBAN
LIMOGES CE;LIMOGES CE
LIMOUX EC;LIMOUX EC
LISIEUX CE;LISIEUX CE
LIVRY GARGAN;LIVRY GARGAN
LONGVIC ALC;LONGVIC ALC
LONS SAUNIER;LONS SAUNIER
LORIENT SE;LORIENT SE
LOUDUN CE;LOUDUN CE
LOUE CM;LOUE CM
LOURDES;LOURDES
LOUVECIENNES;LOUVECIENNES
LOUVIERS CE;LOUVIERS CE
LUCE FDJ;LUCE FDJ
LUCON CE;LUCON CE
LUNEVILLE CE;LUNEVILLE CE
LUXEUIL CE;LUXEUIL CE
LYON CA;LYON CA
LYON MDF;LYON MDF
LYON RAPIERE;LYON RAPIERE
LYON SE;LYON SE
LYON VOLTAIR;LYON VOLTAIR
MACON ESC;MACON ESC
MAISONS ALF;MAISONS ALF
MAISONS LAFF;MAISONS LAFF
MANDELIEU;MANDELIEU
MANOSQUE;MANOSQUE
MANTES AS;MANTES AS
MARCHOIS CE;MARCHOIS CE
MARCQ BARIEU;MARCQ BARIEU
MARCY ETOILE;MARCY ETOILE
MARIGNANE;MARIGNANE
MARLY ROI US;MARLY ROI US
MARMANDE EC;MARMANDE EC
MARQUISAT;MARQUISAT
MARSEILLE EC;MARSEILLE EC
MARSEILLE GF;MARSEILLE GF
MARSEILLE IV;MARSEILLE IV
MARSEILLE MI;MARSEILLE MI
MARTIGUES;MARTIGUES
MASEVAUX FC;MASEVAUX FC
MASSY CE;MASSY CE
MATHA CE;MATHA CE
MATOURY SIAM;MATOURY SIAM
MAUBEUGE CE;MAUBEUGE CE
MAUGESBOCAGE;MAUGESBOCAGE
MAUREPAS MDF;MAUREPAS MDF
MEAUX CE;MEAUX CE
MEDOC CE;MEDOC CE
MELUN VDS;MELUN VDS
MENNECY;MENNECY
MENUCOURT EC;MENUCOURT EC
MENUCOURT MW;MENUCOURT MW
MERIGNAC SE;MERIGNAC SE
METZ GARN;METZ GARN
METZ SE;METZ SE
MEUDON AS;MEUDON AS
MEUNG LOIRE;MEUNG LOIRE
MEXIMIEUX;MEXIMIEUX
MEYLAN SE;MEYLAN SE
MEYZIEU;MEYZIEU
MIRAMAS OP;MIRAMAS OP
MODANE CE;MODANE CE
MOIRANS CES;MOIRANS CES
MOISSY CRAMA;MOISSY CRAMA
MONACO;MONACO
MONETEAU USC;MONETEAU USC
MONISTROL;MONISTROL
MONT DORE;MONT DORE
MONT MARSAN;MONT MARSAN
MONTARGIS;MONTARGIS
MONTAUBAN;MONTAUBAN
MONTCEAU ES;MONTCEAU ES
MONTELIMAR;MONTELIMAR
MONTEREAU CS;MONTEREAU CS
MONTEUX EC;MONTEUX EC
MONTGERON;MONTGERON
MONTIGNAC;MONTIGNAC
MONTIGNY BRE;MONTIGNY BRE
MONTIGNY RI;MONTIGNY RI
MONTIVILLIER;MONTIVILLIER
MONTLUCON;MONTLUCON
MONTPELLIER;MONTPELLIER
MONTREUIL CA;MONTREUIL CA
MONTROUGE MF;MONTROUGE MF
MONTS ESC;MONTS ESC
MONTSALVY;MONTSALVY
MORLAIS EC;MORLAIS EC
MORNANT;MORNANT
MOULINS EPEE;MOULINS EPEE
MOUVAUX EC;MOUVAUX EC
MOZAC CE;MOZAC CE
MT AIGNAN AS;MT AIGNAN AS
MT AIGNAN ES;MT AIGNAN ES
MULHOUSE FC;MULHOUSE FC
MULHOUSE MIL;MULHOUSE MIL
MUREAUX CE;MUREAUX CE
MURET CE;MURET CE
MUTZIG CE;MUTZIG CE
NANCY CEA;NANCY CEA
NANCY SA;NANCY SA
NANTES CEN;NANTES CEN
NANTES ENM;NANTES ENM
NANTES METRO;NANTES METRO
NANTES NEC;NANTES NEC
NANTES QUINT;NANTES QUINT
NARBONNE AS;NARBONNE AS
NEMOURS SE;NEMOURS SE
NEUFCHATEL;NEUFCHATEL
NEUILLY ESCR;NEUILLY ESCR
NEUILLY LAME;NEUILLY LAME
NEUILLY MARN;NEUILLY MARN
NEUVILLE 72;NEUVILLE 72
NEUVILLE MJC;NEUVILLE MJC
NEVERS CE;NEVERS CE
NICE CJE;NICE CJE
NICE OGC;NICE OGC
NIMES ACADEM;NIMES ACADEM
NIMES CHEMIN;NIMES CHEMIN
NIMES LASSAL;NIMES LASSAL
NIMES SE;NIMES SE
NIORT CE;NIORT CE
NOGENT LE PX;NOGENT LE PX
NOISY BAILLY;NOISY BAILLY
NOISY CE;NOISY CE
NONTRON LAME;NONTRON LAME
NOUMEA CSANC;NOUMEA CSANC
NOYON PM;NOYON PM
NYONS CE;NYONS CE
OLONNE CORS;OLONNE CORS
OLORON SM;OLORON SM
ONET CHATEAU;ONET CHATEAU
ORANGE CE;ORANGE CE
ORCET ES;ORCET ES
ORGEVAL;ORGEVAL
ORLEANS CE;ORLEANS CE
ORLY AS;ORLY AS
ORNON ESCR;ORNON ESCR
OUEST LYONN;OUEST LYONN
OYONNAX;OYONNAX
OZOIR LA FER;OZOIR LA FER
PACY EURE;PACY EURE
PAIMPOL CE;PAIMPOL CE
PALAISEAU;PALAISEAU
PAMIERS CE;PAMIERS CE
PARAY MONIAL;PARAY MONIAL
PARIS AEP;PARIS AEP
PARIS AS NAT;PARIS AS NAT
PARIS ASADP;PARIS ASADP
PARIS ASCAN;PARIS ASCAN
PARIS ASPP;PARIS ASPP
PARIS ASPTT;PARIS ASPTT
PARIS ASR;PARIS ASR
PARIS ASRUSS;PARIS ASRUSS
PARIS ASSAS;PARIS ASSAS
PARIS AUTOMO;PARIS AUTOMO
PARIS BDF;PARIS BDF
PARIS BLC MT;PARIS BLC MT
PARIS BNP PA;PARIS BNP PA
PARIS CE13;PARIS CE13
PARIS CE15;PARIS CE15
PARIS CEFC;PARIS CEFC
PARIS CEP;PARIS CEP
PARIS CM;PARIS CM
PARIS COPC;PARIS COPC
PARIS COUDUR;PARIS COUDUR
PARIS CSPSE;PARIS CSPSE
PARIS DUELLI;PARIS DUELLI
PARIS DYN;PARIS DYN
PARIS ECE;PARIS ECE
PARIS ECOLEM;PARIS ECOLEM
PARIS EPEE;PARIS EPEE
PARIS ESCRIM;PARIS ESCRIM
PARIS FOCH;PARIS FOCH
PARIS GARDER;PARIS GARDER
PARIS GRP;PARIS GRP
PARIS JAVEL;PARIS JAVEL
PARIS LAMES;PARIS LAMES
PARIS LPR;PARIS LPR
PARIS MERCOE;PARIS MERCOE
PARIS MESSID;PARIS MESSID
PARIS OP15;PARIS OP15
PARIS PASSY;PARIS PASSY
PARIS POLO;PARIS POLO
PARIS PRIME;PARIS PRIME
PARIS QDS;PARIS QDS
PARIS SCUF;PARIS SCUF
PARIS ST FRA;PARIS ST FRA
PARIS SUFFRE;PARIS SUFFRE
PARIS TA;PARIS TA
PARIS UC;PARIS UC
PARIS USM;PARIS USM
PARON SENS;PARON SENS
PAU PYRENEA;PAU PYRENEA
PAU SECTION;PAU SECTION
PAYS AIX;PAYS AIX
PAYS DE GEX;PAYS DE GEX
PAYS LANGRES;PAYS LANGRES
PAYS VENCOIS;PAYS VENCOIS
PECHABOU JFA;PECHABOU JFA
PELISSANNE;PELISSANNE
PENNES MIRAB;PENNES MIRAB
PERIGNY;PERIGNY
PERIGUEUX EP;PERIGUEUX EP
PERONNAS;PERONNAS
PERPIGNAN CA;PERPIGNAN CA
PERPIGNAN RO;PERPIGNAN RO
PESSAC SE;PESSAC SE
PETIT BOURG;PETIT BOURG
PEZENAS COPS;PEZENAS COPS
PIA;PIA
PICARDIE HAU;PICARDIE HAU
PITHIVIERS;PITHIVIERS
PLAISANCE TO;PLAISANCE TO
PLAN CUQUES;PLAN CUQUES
PLESSIS BOU;PLESSIS BOU
PLESSIS TREV;PLESSIS TREV
POINTE NOIRE;POINTE NOIRE
POINTE PITRE;POINTE PITRE
POISSY SLP;POISSY SLP
POITIERS;POITIERS
POLLESTRES C;POLLESTRES C
POLYTECHNIQU;POLYTECHNIQU
POMPEY ESCR;POMPEY ESCR
PONT ST PIER;PONT ST PIER
PONT STE MAX;PONT STE MAX
PONTARLIER;PONTARLIER
PONTAULT CO;PONTAULT CO
PONTHIERRY;PONTHIERRY
POULX EC;POULX EC
PRIVAS MG;PRIVAS MG
PROVENCE ESC;PROVENCE ESC
PROVINS CE;PROVINS CE
PT A MOUSSON;PT A MOUSSON
PUNAAUIA;PUNAAUIA
PUTTELANGE;PUTTELANGE
QUETIGNY AS;QUETIGNY AS
QUIMPER EC;QUIMPER EC
RAMBERVILLER;RAMBERVILLER
RAMBOUILLET;RAMBOUILLET
RAMONVILLE;RAMONVILLE
REIMS CE;REIMS CE
REIMS EUROPE;REIMS EUROPE
REMIREMONT;REMIREMONT
RENNES CSG;RENNES CSG
RENNES EC;RENNES EC
RENNES MCB;RENNES MCB
REPLONGES;REPLONGES
RETHEL;RETHEL
REUNION URBA;REUNION URBA
REVEL MDF;REVEL MDF
REZE ASB;REZE ASB
RICHARDMENIL;RICHARDMENIL
RILLIEUX LP;RILLIEUX LP
RIS ORANGIS;RIS ORANGIS
RIV SALEE;RIV SALEE
ROANNE CER;ROANNE CER
ROCHE YON CE;ROCHE YON CE
ROCHECORBON;ROCHECORBON
ROCHEFORT;ROCHEFORT
RODEZ AVEYRO;RODEZ AVEYRO
ROMANS 2R;ROMANS 2R
ROMANS MJC;ROMANS MJC
ROMILLY USM;ROMILLY USM
ROPPENTZWILL;ROPPENTZWILL
ROSNY S BOIS;ROSNY S BOIS
ROUBAIX CE;ROUBAIX CE
ROUEN ASRUC;ROUEN ASRUC
ROUEN CE;ROUEN CE
ROUEN MIMO T;ROUEN MIMO T
ROYAN CE;ROYAN CE
RUEIL MALMAI;RUEIL MALMAI
RUNGIS;RUNGIS
SABLE SARTHE;SABLE SARTHE
SABLES OLONN;SABLES OLONN
SAINT ANDRE;SAINT ANDRE
SAINT AUBAN;SAINT AUBAN
SAINT AUBIN;SAINT AUBIN
SAINT BRIEUC;SAINT BRIEUC
SAINT CLAUDE;SAINT CLAUDE
SAINT CLOUD;SAINT CLOUD
SAINT DIE;SAINT DIE
SAINT DIZIER;SAINT DIZIER
SAINT FERME;SAINT FERME
SAINT JUNIEN;SAINT JUNIEN
SAINT LEU;SAINT LEU
SAINT LO;SAINT LO
SAINT MALO;SAINT MALO
SAINT MANDE;SAINT MANDE
SAINT OMER;SAINT OMER
SAINTE MARIE;SAINTE MARIE
SAINTES CE;SAINTES CE
SALON EC;SALON EC
SANARY CE;SANARY CE
SARLAT CE;SARLAT CE
SARREBOURG;SARREBOURG
SARREGUEMINE;SARREGUEMINE
SAUMUR ABSEC;SAUMUR ABSEC
SAVERNE;SAVERNE
SEDAN CE;SEDAN CE
SEICHAMPS;SEICHAMPS
SELESTAT CE;SELESTAT CE
SENART GATIN;SENART GATIN
SENLIS 3A;SENLIS 3A
SETE CE;SETE CE
SEVRES JE;SEVRES JE
SEYSSINS;SEYSSINS
SEZANNE;SEZANNE
SIX FOURS SE;SIX FOURS SE
SOCHAUX MONT;SOCHAUX MONT
SOISSONS CE;SOISSONS CE
SOISY SEINE;SOISY SEINE
SORGUES CE;SORGUES CE
SOTTEVILLE;SOTTEVILLE
SOUFFLELWEYE;SOUFFLELWEYE
SOUTERRAINE;SOUTERRAINE
ST AMAND MON;ST AMAND MON
ST AVOLD CE;ST AVOLD CE
ST DENIS BUS;ST DENIS BUS
ST DENIS CE;ST DENIS CE
ST DENIS HOT;ST DENIS HOT
ST DOULCHARD;ST DOULCHARD
ST ETIENNE;ST ETIENNE
ST GAUDENS;ST GAUDENS
ST GENE BOIS;ST GENE BOIS
ST GENIS ARG;ST GENIS ARG
ST GERMAIN E;ST GERMAIN E
ST GILLES EV;ST GILLES EV
ST GRATIEN;ST GRATIEN
ST GREGOIRE;ST GREGOIRE
ST HERBLAIN;ST HERBLAIN
ST JEAN RUEL;ST JEAN RUEL
ST JOSEPH FL;ST JOSEPH FL
ST LAURENT M;ST LAURENT M
ST LEGER ESP;ST LEGER ESP
ST LOUIS CE;ST LOUIS CE
ST LOUIS MJC;ST LOUIS MJC
ST MAIXENT;ST MAIXENT
ST MARTIN CR;ST MARTIN CR
ST MARTIN FW;ST MARTIN FW
ST MAUR VGA;ST MAUR VGA
ST MAURICE E;ST MAURICE E
ST MEDARD;ST MEDARD
ST MEEN LG;ST MEEN LG
ST MICHEL SP;ST MICHEL SP
ST NAZAIRE;ST NAZAIRE
ST NOM LA BR;ST NOM LA BR
ST PAUL 3CHX;ST PAUL 3CHX
ST PERAY FLA;ST PERAY FLA
ST PIERRE EG;ST PIERRE EG
ST PIERRE ES;ST PIERRE ES
ST PRIEST EP;ST PRIEST EP
ST QUENTIN;ST QUENTIN
ST RAPHAEL;ST RAPHAEL
ST VICENT BO;ST VICENT BO
STE SIGOLENE;STE SIGOLENE
STRASBOURG E;STRASBOURG E
STRASBOURG U;STRASBOURG U
SUCY EN BRIE;SUCY EN BRIE
SURESNES CE;SURESNES CE
SURGERES;SURGERES
TAIN TOURNON;TAIN TOURNON
TARBES;TARBES
TASSIN;TASSIN
THIONVILLE;THIONVILLE
THONON EC;THONON EC
TORCY CE;TORCY CE
TOUL CE;TOUL CE
TOULON VAR;TOULON VAR
TOULOUSE AC;TOULOUSE AC
TOULOUSE CE;TOULOUSE CE
TOULOUSE CMS;TOULOUSE CMS
TOULOUSE UC;TOULOUSE UC
TOUQUES ESCR;TOUQUES ESCR
TOURCOING CI;TOURCOING CI
TOURS BEF;TOURS BEF
TOURS EAT;TOURS EAT
TOURS SA;TOURS SA
TRAPPES EC;TRAPPES EC
TRIEL ESC;TRIEL ESC
TROYES CHAMP;TROYES CHAMP
TROYES GYMNI;TROYES GYMNI
TULLE CE;TULLE CE
UZEGE;UZEGE
VAL D EUROPE;VAL D EUROPE
VAL D ORGE;VAL D ORGE
VAL LES BAIN;VAL LES BAIN
VALBONNE OMN;VALBONNE OMN
VALENCIENNES;VALENCIENNES
VANDOEUVRE;VANDOEUVRE
VANNES CE;VANNES CE
VANVES SE;VANVES SE
VARCES;VARCES
VAUREAL;VAUREAL
VAUZELLES EC;VAUZELLES EC
VELAY CAD;VELAY CAD
VELIZY CE;VELIZY CE
VENDOME;VENDOME
VENELLES EST;VENELLES EST
VENEUX SABLO;VENEUX SABLO
VENISSIEUX;VENISSIEUX
VERDUN CE;VERDUN CE
VERNON CE;VERNON CE
VERSAILLES;VERSAILLES
VERVINS THIE;VERVINS THIE
VESINET ATHO;VESINET ATHO
VESINET US;VESINET US
VESOUL US;VESOUL US
VICHY SE;VICHY SE
VIENNE;VIENNE
VIERZON CE;VIERZON CE
VILLE AVRAY;VILLE AVRAY
VILLEBON YV;VILLEBON YV
VILLEFONTAIN;VILLEFONTAIN
VILLEFRA MER;VILLEFRA MER
VILLEFRA ROU;VILLEFRA ROU
VILLEJUIF US;VILLEJUIF US
VILLEMOMBLE;VILLEMOMBLE
VILLEN D'ASC;VILLEN D'ASC
VILLENEUVE L;VILLENEUVE L
VILLENEUVE T;VILLENEUVE T
VILLERS CE;VILLERS CE
VILLERSEXEL;VILLERSEXEL
VILLEURBANNE;VILLEURBANNE
VINCENNES CE;VINCENNES CE
VIRE USM;VIRE USM
VIRY CHATIIL;VIRY CHATIIL
VITROLLES;VITROLLES
VITRY FRANC;VITRY FRANC
VITRY SEINE;VITRY SEINE
VITTEL CS;VITTEL CS
VIVIERS PEL;VIVIERS PEL
VOULON CE;VOULON CE
VOULTE RHONE;VOULTE RHONE
VOUZIERS CE;VOUZIERS CE
WATTRELOS CE;WATTRELOS CE
WISSOUS;WISSOUS
WITTELSHEIM;WITTELSHEIM
WITTENHEIM;WITTENHEIM
YERRES;YERRES
YSSINGEAUX;YSSINGEAUX
YVELINES ESC;YVELINES ESC
YVETOT BOCAG;YVETOT BOCAG
